{
  "timestamp": "2025-10-08T01:30:26.099Z",
  "config": {
    "totalIterations": 150,
    "randomExploration": 30
  },
  "duration": 5818,
  "bestPolicy": {
    "reorderPoint": 594,
    "orderQuantity": 427,
    "safetyStock": 183,
    "mceCustomAllocation": 0.4,
    "standardBatchSize": 108,
    "batchInterval": 7,
    "targetExperts": 8,
    "hireThreshold": 0.821345352057803,
    "maxOvertimeHours": 1.856520836026216,
    "overtimeThreshold": 0.8541134067124382,
    "cashReserveTarget": 22234,
    "loanAmount": 37285,
    "repayThreshold": 70000,
    "standardPriceMultiplier": 0.9257566484360008,
    "customBasePrice": 110.9379431824598
  },
  "bestNetWorth": -158913.45441750172,
  "bestFitness": -645159,
  "bestIteration": 149,
  "convergenceHistory": [
    -2119261,
    -2580323,
    -2290994,
    -2405635,
    -2003550,
    -2404219,
    -2610858,
    -720901,
    -2391663,
    -2588216,
    -2334862,
    -2413680,
    -1891432,
    -2569227,
    -2561012,
    -2337826,
    -2384611,
    -2440485,
    -2390266,
    -2329435,
    -2414897,
    -2386659,
    -2467726,
    -2424367,
    -2398032,
    -2500002,
    -2482709,
    -2346544,
    -2341448,
    -2462086,
    -1894530,
    -712289,
    -1891928,
    -791842,
    -792001,
    -2086047,
    -2423339,
    -2382136,
    -791842,
    -2425959,
    -792001,
    -791842,
    -720901,
    -2365660,
    -709486,
    -717705,
    -712035,
    -709565,
    -709565,
    -714905,
    -2356759,
    -711651,
    -708396,
    -708411,
    -1981578,
    -709256,
    -714514,
    -709411,
    -710228,
    -710876,
    -706719,
    -706719,
    -703838,
    -708411,
    -2387477,
    -702722,
    -706719,
    -702722,
    -699316,
    -707695,
    -696229,
    -700361,
    -694638,
    -2339696,
    -2356577,
    -693585,
    -698665,
    -694196,
    -714509,
    -694641,
    -709301,
    -694196,
    -694638,
    -692588,
    -704226,
    -694638,
    -696229,
    -689478,
    -687453,
    -695702,
    -678120,
    -2370958,
    -2637461,
    -681250,
    -687316,
    -674649,
    -678120,
    -656790,
    -2423686,
    -680632,
    -675529,
    -677026,
    -675092,
    -675783,
    -678076,
    -680537,
    -2417406,
    -672641,
    -674384,
    -671610,
    -672641,
    -2320157,
    -662434,
    -678790,
    -669965,
    -665094,
    -662434,
    -660223,
    -651006,
    -660223,
    -675892,
    -667038,
    -669830,
    -655217,
    -2484759,
    -654496,
    -654569,
    -653629,
    -651053,
    -653474,
    -652297,
    -651058,
    -651058,
    -652755,
    -651058,
    -653358,
    -653705,
    -652993,
    -651389,
    -653703,
    -651053,
    -650263,
    -650898,
    -655506,
    -660697,
    -655742,
    -2492527,
    -651053,
    -645159,
    -650753
  ],
  "validation": {
    "runs": 30,
    "mean": -158913.45441750166,
    "stdDev": 5.820766091346741e-11,
    "min": -158913.45441750172,
    "max": -158913.45441750172,
    "results": [
      -158913.45441750172,
      -158913.45441750172,
      -158913.45441750172,
      -158913.45441750172,
      -158913.45441750172,
      -158913.45441750172,
      -158913.45441750172,
      -158913.45441750172,
      -158913.45441750172,
      -158913.45441750172,
      -158913.45441750172,
      -158913.45441750172,
      -158913.45441750172,
      -158913.45441750172,
      -158913.45441750172,
      -158913.45441750172,
      -158913.45441750172,
      -158913.45441750172,
      -158913.45441750172,
      -158913.45441750172,
      -158913.45441750172,
      -158913.45441750172,
      -158913.45441750172,
      -158913.45441750172,
      -158913.45441750172,
      -158913.45441750172,
      -158913.45441750172,
      -158913.45441750172,
      -158913.45441750172,
      -158913.45441750172
    ],
    "duration": 1099
  },
  "totalDuration": 6917
}