{
  "timestamp": "2025-10-08T01:30:49.511Z",
  "config": {
    "totalIterations": 150,
    "randomExploration": 30
  },
  "duration": 6733,
  "bestPolicy": {
    "reorderPoint": 540,
    "orderQuantity": 304,
    "safetyStock": 300,
    "mceCustomAllocation": 0.4,
    "standardBatchSize": 107,
    "batchInterval": 9,
    "targetExperts": 8,
    "hireThreshold": 0.8585440390755102,
    "maxOvertimeHours": 1.7305215601398931,
    "overtimeThreshold": 0.8203627141455002,
    "cashReserveTarget": 27333,
    "loanAmount": 27503,
    "repayThreshold": 107584,
    "standardPriceMultiplier": 0.9861531898414175,
    "customBasePrice": 115
  },
  "bestNetWorth": -167443.44467649976,
  "bestFitness": -620053,
  "bestIteration": 129,
  "convergenceHistory": [
    -2358838,
    -2347480,
    -2472439,
    -2451799,
    -2468158,
    -2389572,
    -2457460,
    -660601,
    -2367428,
    -2471298,
    -2487319,
    -1960625,
    -2380190,
    -2004798,
    -2480579,
    -2411074,
    -2365761,
    -2487795,
    -1974009,
    -2419246,
    -2583549,
    -2369215,
    -2428345,
    -2529482,
    -2393674,
    -2340259,
    -2374853,
    -2469157,
    -2443324,
    -2395022,
    -1974122,
    -1965488,
    -1973910,
    -660601,
    -645734,
    -651177,
    -642447,
    -638272,
    -636909,
    -657337,
    -633911,
    -714710,
    -654400,
    -634558,
    -625329,
    -636778,
    -638747,
    -636202,
    -624154,
    -629287,
    -628418,
    -628418,
    -625772,
    -2388088,
    -2318012,
    -628931,
    -624154,
    -624154,
    -624154,
    -626596,
    -624154,
    -622582,
    -677866,
    -2375745,
    -677864,
    -2298477,
    -624154,
    -624154,
    -624354,
    -624539,
    -2416086,
    -1968347,
    -620966,
    -661191,
    -621518,
    -620727,
    -620477,
    -620415,
    -795217,
    -627513,
    -2294078,
    -623780,
    -620929,
    -2503934,
    -2534252,
    -626172,
    -666556,
    -620727,
    -633085,
    -620459,
    -620459,
    -2399957,
    -630099,
    -620415,
    -674238,
    -620459,
    -649667,
    -620631,
    -2276862,
    -622955,
    -624479,
    -2374991,
    -620415,
    -620415,
    -622160,
    -2330845,
    -622254,
    -626206,
    -2383880,
    -624725,
    -620459,
    -2434204,
    -626281,
    -620415,
    -2319006,
    -676026,
    -633441,
    -736329,
    -625623,
    -1992877,
    -2566043,
    -657998,
    -620415,
    -620510,
    -664087,
    -623140,
    -661264,
    -627112,
    -620053,
    -620216,
    -620415,
    -676151,
    -620053,
    -2394765,
    -620641,
    -620122,
    -2292786,
    -626259,
    -658633,
    -628801,
    -620497,
    -625278,
    -620053,
    -2343524,
    -2436980,
    -623517,
    -2462448,
    -620216,
    -2295117,
    -622063
  ],
  "validation": {
    "runs": 30,
    "mean": -167443.44467649978,
    "stdDev": 2.9103830456733704e-11,
    "min": -167443.44467649976,
    "max": -167443.44467649976,
    "results": [
      -167443.44467649976,
      -167443.44467649976,
      -167443.44467649976,
      -167443.44467649976,
      -167443.44467649976,
      -167443.44467649976,
      -167443.44467649976,
      -167443.44467649976,
      -167443.44467649976,
      -167443.44467649976,
      -167443.44467649976,
      -167443.44467649976,
      -167443.44467649976,
      -167443.44467649976,
      -167443.44467649976,
      -167443.44467649976,
      -167443.44467649976,
      -167443.44467649976,
      -167443.44467649976,
      -167443.44467649976,
      -167443.44467649976,
      -167443.44467649976,
      -167443.44467649976,
      -167443.44467649976,
      -167443.44467649976,
      -167443.44467649976,
      -167443.44467649976,
      -167443.44467649976,
      -167443.44467649976,
      -167443.44467649976
    ],
    "duration": 1440
  },
  "totalDuration": 8173
}